{
    "LinearRegression01": {
        "mean_squared_error": 21444836.20980706,
        "r2_score": 0.8379014554769094,
        "grid_search_summary": null,
        "validation_curve_data": {
            "train_score": [
                [
                    0.6249230071462542,
                    0.6222001320721775
                ],
                [
                    0.8288228506433399,
                    0.8032551903392224
                ],
                [
                    0.8492475969812319,
                    0.8209466254809279
                ]
            ],
            "val_score": [
                [
                    0.5891745424112725,
                    0.6567466445082442
                ],
                [
                    0.7941286582037751,
                    0.8199017921107179
                ],
                [
                    0.7948720301447123,
                    0.8225885010946778
                ]
            ],
            "param_range": [
                1,
                2,
                3
            ]
        },
        "learning_curve_data": {
            "N": [
                462,
                507,
                552,
                597,
                642,
                687,
                732,
                777,
                822,
                867,
                912,
                957,
                1002,
                1047,
                1092,
                1137,
                1182,
                1227,
                1272,
                1317,
                1362,
                1407,
                1452,
                1497,
                1542
            ],
            "train_lc": [
                [
                    0.8540413330633521,
                    0.7801182877962081
                ],
                [
                    0.8552208563097096,
                    0.7862834540868892
                ],
                [
                    0.8517254961280012,
                    0.7885883134232416
                ],
                [
                    0.8514031383790845,
                    0.7937069738135164
                ],
                [
                    0.8514709285201406,
                    0.7906271435666297
                ],
                [
                    0.8543248318818858,
                    0.8062742053899172
                ],
                [
                    0.8403896629928236,
                    0.8103635255876827
                ],
                [
                    0.8476633009426513,
                    0.8146048103921711
                ],
                [
                    0.8454130089819436,
                    0.8113703188467427
                ],
                [
                    0.8415126646537691,
                    0.8147951928933752
                ],
                [
                    0.8360404203912509,
                    0.8160690726914356
                ],
                [
                    0.8366762601522966,
                    0.8126909298229078
                ],
                [
                    0.8374941216053721,
                    0.809679857658352
                ],
                [
                    0.8409325908510551,
                    0.806107426390463
                ],
                [
                    0.838505984608551,
                    0.808289259659831
                ],
                [
                    0.8350779626209353,
                    0.8076594098276686
                ],
                [
                    0.8336311685335115,
                    0.8068540673974784
                ],
                [
                    0.8348584402320247,
                    0.8081581446993436
                ],
                [
                    0.8351150752654404,
                    0.8115379366428386
                ],
                [
                    0.8244077055157427,
                    0.8100785973657979
                ],
                [
                    0.8282485135487863,
                    0.8064199832769828
                ],
                [
                    0.8287855328786925,
                    0.8033843640127558
                ],
                [
                    0.8342201454017883,
                    0.8059076969564946
                ],
                [
                    0.8295337988399633,
                    0.8058052627714334
                ],
                [
                    0.8288228506433399,
                    0.8029318178665565
                ]
            ],
            "val_lc": [
                [
                    0.7842548381184005,
                    0.8130759711556518
                ],
                [
                    0.7869236713485421,
                    0.8128574976672445
                ],
                [
                    0.7879739621566224,
                    0.8147649497162148
                ],
                [
                    0.7880969570550153,
                    0.8167800608138613
                ],
                [
                    0.7921793672288653,
                    0.8158891079404338
                ],
                [
                    0.7947171312716106,
                    0.8178028400973942
                ],
                [
                    0.7910562241017234,
                    0.8121799550527989
                ],
                [
                    0.7949612718839527,
                    0.8201229952390494
                ],
                [
                    0.7959829938762468,
                    0.8200505730202015
                ],
                [
                    0.7953587401626405,
                    0.820629677440229
                ],
                [
                    0.7921883122357936,
                    0.8206769321842964
                ],
                [
                    0.7918406631104994,
                    0.8189937082196088
                ],
                [
                    0.7948423050936719,
                    0.8184848667583703
                ],
                [
                    0.7953073794757967,
                    0.811517909171646
                ],
                [
                    0.7956783603417849,
                    0.8186186769424939
                ],
                [
                    0.7942900459202903,
                    0.8191321770986
                ],
                [
                    0.7914029080367205,
                    0.8202862731987435
                ],
                [
                    0.791873769411606,
                    0.8194486828514932
                ],
                [
                    0.7944874096651868,
                    0.8199359200162577
                ],
                [
                    0.7850198882785825,
                    0.820097846644846
                ],
                [
                    0.7923410979786176,
                    0.8203134773964557
                ],
                [
                    0.7919135791554255,
                    0.8177676533102063
                ],
                [
                    0.7961828166177263,
                    0.8178860520054909
                ],
                [
                    0.7945909029001831,
                    0.8200786154712283
                ],
                [
                    0.7941286582037751,
                    0.8205609534341888
                ]
            ]
        }
    }
}